,2026年5月度,,,,,,,,,,,,,,,,,,,,,,,,,,,
,015090200_本社収支,,,,,,,,,,,,,,,,,,,,,,,,,,（単位：円）,
,,A,B,C,D,E,F,G,H,I,J,K,L,M,N,O,P,Q,R,S,T,U,V,W,X,Y,Z,
,,4月,,,,,,5月,,,,6月,,,,第1四半期,,,,上期,,,,年度,,,,
,科目,MP,予定,実績,予定比,MP比,前年比,MP,予定,MP比,前年比,MP,見通し,MP比,前年比,MP,見通し,MP比,前年比,MP,見通し,MP比,前年比,MP,見通し,MP比,前年比,
1,総受注高,0,0,0,-,-,-,0,0,-,-,0,0,-,-,0,0,-,-,0,0,-,-,0,0,-,-,1
2,総売上高,0,0,0,-,-,-,0,0,-,-,0,0,-,-,0,0,-,-,0,0,-,-,0,0,-,-,2
3,    苗売上,0,0,0,-,-,-,0,0,-,-,0,0,-,-,0,0,-,-,0,0,-,-,0,0,-,-,3
4,    その他の売上,0,0,0,-,-,-,0,0,-,-,0,0,-,-,0,0,-,-,0,0,-,-,0,0,-,-,4
5,経費合計,0,0,0,-,-,-,0,0,-,-,0,0,-,-,0,0,-,-,0,0,-,-,0,0,-,-,5
6,    種苗費,0,0,0,-,-,-,0,0,-,-,0,0,-,-,0,0,-,-,0,0,-,-,0,0,-,-,6
7,    肥料費,0,0,0,-,-,-,0,0,-,-,0,0,-,-,0,0,-,-,0,0,-,-,0,0,-,-,7
8,    培土費用,0,0,0,-,-,-,0,0,-,-,0,0,-,-,0,0,-,-,0,0,-,-,0,0,-,-,8
9,    農薬衛生費,0,0,0,-,-,-,0,0,-,-,0,0,-,-,0,0,-,-,0,0,-,-,0,0,-,-,9
10,    農具費,0,0,0,-,-,-,0,0,-,-,0,0,-,-,0,0,-,-,0,0,-,-,0,0,-,-,10
11,    諸材料費,0,0,0,-,-,-,0,0,-,-,0,0,-,-,0,0,-,-,0,0,-,-,0,0,-,-,11
12,    その他仕入高,0,0,0,-,-,-,0,0,-,-,0,0,-,-,0,0,-,-,0,0,-,-,0,0,-,-,12
13,    減価償却費,0,0,0,-,-,-,0,0,-,-,0,0,-,-,0,0,-,-,0,0,-,-,0,0,-,-,13
14,    車両費,0,0,0,-,-,-,0,0,-,-,0,0,-,-,0,0,-,-,0,0,-,-,0,0,-,-,14
15,    旅費交通費,0,0,0,-,-,-,0,0,-,-,0,0,-,-,0,0,-,-,0,0,-,-,0,0,-,-,15
16,    荷造運搬費,0,0,0,-,-,-,0,0,-,-,0,0,-,-,0,0,-,-,0,0,-,-,0,0,-,-,16
17,    通信費,0,0,0,-,-,-,0,0,-,-,0,0,-,-,0,0,-,-,0,0,-,-,0,0,-,-,17
18,    水道光熱費,0,0,0,-,-,-,0,0,-,-,0,0,-,-,0,0,-,-,0,0,-,-,0,0,-,-,18
19,    動力費,0,0,0,-,-,-,0,0,-,-,0,0,-,-,0,0,-,-,0,0,-,-,0,0,-,-,19
20,    燃料費,0,0,0,-,-,-,0,0,-,-,0,0,-,-,0,0,-,-,0,0,-,-,0,0,-,-,20
21,    事務用品費,0,0,0,-,-,-,0,0,-,-,0,0,-,-,0,0,-,-,0,0,-,-,0,0,-,-,21
22,    消耗品費,0,0,0,-,-,-,0,0,-,-,0,0,-,-,0,0,-,-,0,0,-,-,0,0,-,-,22
23,    廃棄物処理料,0,0,0,-,-,-,0,0,-,-,0,0,-,-,0,0,-,-,0,0,-,-,0,0,-,-,23
24,    広告宣伝費,0,0,0,-,-,-,0,0,-,-,0,0,-,-,0,0,-,-,0,0,-,-,0,0,-,-,24
25,    接待交際費,0,0,0,-,-,-,0,0,-,-,0,0,-,-,0,0,-,-,0,0,-,-,0,0,-,-,25
26,    研究開発費,0,0,0,-,-,-,0,0,-,-,0,0,-,-,0,0,-,-,0,0,-,-,0,0,-,-,26
27,    クレーム費,0,0,0,-,-,-,0,0,-,-,0,0,-,-,0,0,-,-,0,0,-,-,0,0,-,-,27
28,    賃借料,0,0,0,-,-,-,0,0,-,-,0,0,-,-,0,0,-,-,0,0,-,-,0,0,-,-,28
29,    賃貸料収入,0,0,0,-,-,-,0,0,-,-,0,0,-,-,0,0,-,-,0,0,-,-,0,0,-,-,29
30,    修繕費,0,0,0,-,-,-,0,0,-,-,0,0,-,-,0,0,-,-,0,0,-,-,0,0,-,-,30
31,    支払リース料,0,0,0,-,-,-,0,0,-,-,0,0,-,-,0,0,-,-,0,0,-,-,0,0,-,-,31
32,    保険料,0,0,0,-,-,-,0,0,-,-,0,0,-,-,0,0,-,-,0,0,-,-,0,0,-,-,32
33,    支払報酬,0,0,0,-,-,-,0,0,-,-,0,0,-,-,0,0,-,-,0,0,-,-,0,0,-,-,33
34,    販売手数料,0,0,0,-,-,-,0,0,-,-,0,0,-,-,0,0,-,-,0,0,-,-,0,0,-,-,34
35,    支払手数料,0,0,0,-,-,-,0,0,-,-,0,0,-,-,0,0,-,-,0,0,-,-,0,0,-,-,35
36,    診断料,0,0,0,-,-,-,0,0,-,-,0,0,-,-,0,0,-,-,0,0,-,-,0,0,-,-,36
37,    諸会費,0,0,0,-,-,-,0,0,-,-,0,0,-,-,0,0,-,-,0,0,-,-,0,0,-,-,37
38,    会議費,0,0,0,-,-,-,0,0,-,-,0,0,-,-,0,0,-,-,0,0,-,-,0,0,-,-,38
39,    寄付金,0,0,0,-,-,-,0,0,-,-,0,0,-,-,0,0,-,-,0,0,-,-,0,0,-,-,39
40,    租税公課,0,0,0,-,-,-,0,0,-,-,0,0,-,-,0,0,-,-,0,0,-,-,0,0,-,-,40
41,    業務委託費,0,0,0,-,-,-,0,0,-,-,0,0,-,-,0,0,-,-,0,0,-,-,0,0,-,-,41
42,    業務受託収入,0,0,0,-,-,-,0,0,-,-,0,0,-,-,0,0,-,-,0,0,-,-,0,0,-,-,42
43,    システム管理料,0,0,0,-,-,-,0,0,-,-,0,0,-,-,0,0,-,-,0,0,-,-,0,0,-,-,43
44,    情報機器利用料,0,0,0,-,-,-,0,0,-,-,0,0,-,-,0,0,-,-,0,0,-,-,0,0,-,-,44
45,    貸倒金,0,0,0,-,-,-,0,0,-,-,0,0,-,-,0,0,-,-,0,0,-,-,0,0,-,-,45
46,    雑費,0,0,0,-,-,-,0,0,-,-,0,0,-,-,0,0,-,-,0,0,-,-,0,0,-,-,46
47,    福利消耗品費,0,0,0,-,-,-,0,0,-,-,0,0,-,-,0,0,-,-,0,0,-,-,0,0,-,-,47
48,    教育研修費,0,0,0,-,-,-,0,0,-,-,0,0,-,-,0,0,-,-,0,0,-,-,0,0,-,-,48
49,    雑給,0,0,0,-,-,-,0,0,-,-,0,0,-,-,0,0,-,-,0,0,-,-,0,0,-,-,49
50,    グループ共通,0,0,0,-,-,-,0,0,-,-,0,0,-,-,0,0,-,-,0,0,-,-,0,0,-,-,50
51,差引収益,0,0,0,-,-,-,0,0,-,-,0,0,-,-,0,0,-,-,0,0,-,-,0,0,-,-,51
52,差引比率,0.0,0.0,0.0,-,-,-,0.0,0.0,-,-,0.0,0.0,-,-,0.0,0.0,-,-,0.0,0.0,-,-,0.0,0.0,-,-,52
53,総時間,10.50,10.50,10.50,100.0%,100.0%,100.0%,9.75,9.75,100.0%,97.5%,11.00,11.00,100.0%,104.7%,31.25,31.25,100.0%,100.8%,61.75,61.75,100.0%,102.0%,119.75,119.75,100.0%,101.6%,53
54,    定時間,0.00,0.00,0.00,-,-,-,0.00,0.00,-,-,0.00,0.00,-,-,0.00,0.00,-,-,0.00,0.00,-,-,0.00,0.00,-,-,54
55,    残業時間,0.00,0.00,0.00,-,-,-,0.00,0.00,-,-,0.00,0.00,-,-,0.00,0.00,-,-,0.00,0.00,-,-,0.00,0.00,-,-,55
56,    移動時間,10.50,10.50,10.50,100.0%,100.0%,100.0%,9.75,9.75,100.0%,97.5%,11.00,11.00,100.0%,104.7%,31.25,31.25,100.0%,100.8%,61.75,61.75,100.0%,102.0%,119.75,119.75,100.0%,101.6%,56
57,当月時間当り,0.0,0.0,0.0,-,-,-,0.0,0.0,-,-,0.0,0.0,-,-,0.0,0.0,-,-,0.0,0.0,-,-,0.0,0.0,-,-,57
58,人員,0,0,0,-,-,-,0,0,-,-,0,0,-,-,0,0,-,-,0,0,-,-,0,0,-,-,58
,,A,B,C,D,E,F,G,H,I,J,K,L,M,N,O,P,Q,R,S,T,U,V,W,X,Y,Z,
